node_id,node_label,parent_ids,parent_labels,sibling_ids,sibling_labels,num_parents,num_siblings
http://purl.obolibrary.org/obo/HP_0020003,Embryo developmental arrest,http://purl.obolibrary.org/obo/HP_0033335,Abnormal preimplantation embryonic development,http://purl.obolibrary.org/obo/HP_4000008; http://purl.obolibrary.org/obo/HP_0032479; http://purl.obolibrary.org/obo/HP_0033712; http://purl.obolibrary.org/obo/HP_0033336,Formation of multiple pronuclei during fertilization; Preimplantation lethality; Repeated implantation failure; Zygotic cleavage failure,1,4
http://purl.obolibrary.org/obo/HP_0020004,Abnormal CSF guanidinoacetic acid concentration,http://purl.obolibrary.org/obo/HP_0500184,Abnormal CSF amino acid concentration,http://purl.obolibrary.org/obo/HP_0500245; http://purl.obolibrary.org/obo/HP_0034724; http://purl.obolibrary.org/obo/HP_0500214; http://purl.obolibrary.org/obo/HP_6000277; http://purl.obolibrary.org/obo/HP_6000280; http://purl.obolibrary.org/obo/HP_0034743; http://purl.obolibrary.org/obo/HP_0500235; http://purl.obolibrary.org/obo/HP_0500185; http://purl.obolibrary.org/obo/HP_0500243; http://purl.obolibrary.org/obo/HP_0500205; http://purl.obolibrary.org/obo/HP_0500225; http://purl.obolibrary.org/obo/HP_6000270; http://purl.obolibrary.org/obo/HP_0500231; http://purl.obolibrary.org/obo/HP_0034735; http://purl.obolibrary.org/obo/HP_0034734; http://purl.obolibrary.org/obo/HP_0500247; http://purl.obolibrary.org/obo/HP_0500195; http://purl.obolibrary.org/obo/HP_0500240; http://purl.obolibrary.org/obo/HP_0500241,Abnormal CSF citrulline concentration; Reduced CSF cystine concentration; Abnormal CSF aromatic amino acid concentration; Elevated CSF beta-alanine concentration; Elevated CSF cystathionine concentration; Elevated CSF proline concentration; Abnormal CSF histidine concentration; Abnormal CSF branched chain amino acid concentration; Abnormal CSF ornithine concentration; Abnormal CSF aspartate family amino acid concentration; Abnormal CSF serine family amino acid concentration; Elevated CSF saccharopine concentration; Abnormal CSF pyruvate family amino acid concentration; Elevated CSF aspartylglucosamine concentration; Elevated CSF argininosuccinic acid concentration; Abnormal CSF alpha-aminobutyrate concentration; Abnormal CSF glutamine family amino acid concentration; Abnormal CSF carnosine concentration; Abnormal CSF homocarnosine concentration,1,19
http://purl.obolibrary.org/obo/HP_0020005,Decreased CSF guanidinoacetic acid concentration,http://purl.obolibrary.org/obo/HP_0020004,Abnormal CSF guanidinoacetic acid concentration,http://purl.obolibrary.org/obo/HP_6000396,Elevated CSF guanidinoacetic acid concentration,1,1
http://purl.obolibrary.org/obo/HP_0020007,Abnormal affect regulation,http://purl.obolibrary.org/obo/HP_0025766,Abnormal affect,http://purl.obolibrary.org/obo/HP_0100851; http://purl.obolibrary.org/obo/HP_0025780,Abnormal emotional state; Abnormal volitional state,1,2
http://purl.obolibrary.org/obo/HP_0025003,Flail chest,http://purl.obolibrary.org/obo/HP_0002793,Abnormal pattern of respiration,http://purl.obolibrary.org/obo/HP_0031503; http://purl.obolibrary.org/obo/HP_0046507; http://purl.obolibrary.org/obo/HP_6000463; http://purl.obolibrary.org/obo/HP_0002094; http://purl.obolibrary.org/obo/HP_0002104; http://purl.obolibrary.org/obo/HP_0002883; http://purl.obolibrary.org/obo/HP_0002789; http://purl.obolibrary.org/obo/HP_0012196; http://purl.obolibrary.org/obo/HP_0030207; http://purl.obolibrary.org/obo/HP_6000950; http://purl.obolibrary.org/obo/HP_0012195; http://purl.obolibrary.org/obo/HP_0040213; http://purl.obolibrary.org/obo/HP_0002791,Night gasping; Bradypnea; Habitual mouth breathing; Dyspnea; Apnea; Hyperventilation; Tachypnea; Cheyne-Stokes respiration; Paradoxical respiration; Breath-holding spell; Irregular respiration; Hypopnea; Hypoventilation,1,13
http://purl.obolibrary.org/obo/HP_0025036,Type I radial ray deficiency,http://purl.obolibrary.org/obo/HP_0006433,Radial ray deficiency,http://purl.obolibrary.org/obo/HP_0025055; http://purl.obolibrary.org/obo/HP_0025056; http://purl.obolibrary.org/obo/HP_0025054,Type III radial ray deficiency; Type IV radial ray deficiency; Type II radial ray deficiency,1,3
http://purl.obolibrary.org/obo/HP_0025054,Type II radial ray deficiency,http://purl.obolibrary.org/obo/HP_0006433,Radial ray deficiency,http://purl.obolibrary.org/obo/HP_0025055; http://purl.obolibrary.org/obo/HP_0025056; http://purl.obolibrary.org/obo/HP_0025036,Type III radial ray deficiency; Type IV radial ray deficiency; Type I radial ray deficiency,1,3
http://purl.obolibrary.org/obo/HP_0025055,Type III radial ray deficiency,http://purl.obolibrary.org/obo/HP_0006433,Radial ray deficiency,http://purl.obolibrary.org/obo/HP_0025056; http://purl.obolibrary.org/obo/HP_0025036; http://purl.obolibrary.org/obo/HP_0025054,Type IV radial ray deficiency; Type I radial ray deficiency; Type II radial ray deficiency,1,3
http://purl.obolibrary.org/obo/HP_0025056,Type IV radial ray deficiency,http://purl.obolibrary.org/obo/HP_0006433,Radial ray deficiency,http://purl.obolibrary.org/obo/HP_0025055; http://purl.obolibrary.org/obo/HP_0025036; http://purl.obolibrary.org/obo/HP_0025054,Type III radial ray deficiency; Type I radial ray deficiency; Type II radial ray deficiency,1,3
http://purl.obolibrary.org/obo/HP_0025067,Recurrent sepsis,http://purl.obolibrary.org/obo/HP_0100806,Sepsis,http://purl.obolibrary.org/obo/HP_0040187,Neonatal sepsis,1,1
http://purl.obolibrary.org/obo/HP_0025091,Wrist sign,http://purl.obolibrary.org/obo/HP_0100807,Long fingers,http://purl.obolibrary.org/obo/HP_0001182; http://purl.obolibrary.org/obo/HP_0001166,Tapered finger; Arachnodactyly,1,2
http://purl.obolibrary.org/obo/HP_0025111,Acquired aphakia,http://purl.obolibrary.org/obo/HP_6001302,Aphakia,http://purl.obolibrary.org/obo/HP_0007707,Congenital aphakia,1,1
http://purl.obolibrary.org/obo/HP_0025120,Abnormal circulating reverse T3 concentration,http://purl.obolibrary.org/obo/HP_0031508,Abnormal circulating thyroid hormone concentration,http://purl.obolibrary.org/obo/HP_0033076; http://purl.obolibrary.org/obo/HP_0032209; http://purl.obolibrary.org/obo/HP_0034289; http://purl.obolibrary.org/obo/HP_0012558; http://purl.obolibrary.org/obo/HP_0031505,Abnormal circulating free T4 concentration; Abnormal circulating free T3 concentration; Elevated circulating rT3/T3 ratio; Abnormal T3/T4 ratio; Abnormal circulating T4 concentration,1,5
http://purl.obolibrary.org/obo/HP_0025183,Abnormal CD4+ T cell proportion,http://purl.obolibrary.org/obo/HP_0025540,Abnormal T cell subset distribution,http://purl.obolibrary.org/obo/HP_4000039; http://purl.obolibrary.org/obo/HP_0031399; http://purl.obolibrary.org/obo/HP_0032182; http://purl.obolibrary.org/obo/HP_0031392; http://purl.obolibrary.org/obo/HP_0041080; http://purl.obolibrary.org/obo/HP_0031393; http://purl.obolibrary.org/obo/HP_0045080; http://purl.obolibrary.org/obo/HP_0500269; http://purl.obolibrary.org/obo/HP_0031396; http://purl.obolibrary.org/obo/HP_0031394,Decreased mucosal-associated invariant T cell proportion; Abnormal double-negative T cell proportion; Abnormal memory T cell proportion; Abnormal CD4+ T cell subset proportion; Abnormal proportion of exhausted T cells; Abnormal CD8+ T cell proportion; Decreased CD3+ T cell proportion; Abnormal gamma-delta T cell proportion; Abnormal naive T cell proportion; Abnormal CD4:CD8 ratio,1,10
http://purl.obolibrary.org/obo/HP_0025184,Arousal parasomnia,http://purl.obolibrary.org/obo/HP_0025234,Parasomnia,http://purl.obolibrary.org/obo/HP_5200299; http://purl.obolibrary.org/obo/HP_0025235; http://purl.obolibrary.org/obo/HP_5200293; http://purl.obolibrary.org/obo/HP_5200300,REM parasomnia; NREM parasomnia; Sleep-wake transition abnormality; Abnormal movement during sleep,1,4
http://purl.obolibrary.org/obo/HP_0025187,Sleep talking,http://purl.obolibrary.org/obo/HP_5200300,Abnormal movement during sleep,http://purl.obolibrary.org/obo/HP_0012452; http://purl.obolibrary.org/obo/HP_5200295; http://purl.obolibrary.org/obo/HP_0025189; http://purl.obolibrary.org/obo/HP_5200291; http://purl.obolibrary.org/obo/HP_0003763; http://purl.obolibrary.org/obo/HP_0025236,Restless legs; Periodic limb movements of sleep; Hypnic jerks; REM sleep behavior disorder; Bruxism; Sleep walking,1,6
http://purl.obolibrary.org/obo/HP_0025189,Hypnic jerks,http://purl.obolibrary.org/obo/HP_5200300,Abnormal movement during sleep,http://purl.obolibrary.org/obo/HP_0012452; http://purl.obolibrary.org/obo/HP_5200295; http://purl.obolibrary.org/obo/HP_5200291; http://purl.obolibrary.org/obo/HP_0003763; http://purl.obolibrary.org/obo/HP_0025236; http://purl.obolibrary.org/obo/HP_0025187,Restless legs; Periodic limb movements of sleep; REM sleep behavior disorder; Bruxism; Sleep walking; Sleep talking,1,6
http://purl.obolibrary.org/obo/HP_0025199,Fragmented sleep,http://purl.obolibrary.org/obo/HP_4000064,Poor sleep,http://purl.obolibrary.org/obo/HP_5200292,Non-restorative sleep,1,1
http://purl.obolibrary.org/obo/HP_0025288,Excessive sleep,http://purl.obolibrary.org/obo/HP_0002360,Sleep disturbance,http://purl.obolibrary.org/obo/HP_0006979; http://purl.obolibrary.org/obo/HP_5200283; http://purl.obolibrary.org/obo/HP_0025234; http://purl.obolibrary.org/obo/HP_0002494; http://purl.obolibrary.org/obo/HP_5200276; http://purl.obolibrary.org/obo/HP_5200305; http://purl.obolibrary.org/obo/HP_0100786; http://purl.obolibrary.org/obo/HP_4000064; http://purl.obolibrary.org/obo/HP_0001262; http://purl.obolibrary.org/obo/HP_0100785; http://purl.obolibrary.org/obo/HP_5200298; http://purl.obolibrary.org/obo/HP_0030050,Sleep-wake cycle disturbance; Sleep-related breathing disorders; Parasomnia; Abnormal rapid eye movement sleep; Decreased need for sleep; Paradoxical insomnia; Hypersomnia; Poor sleep; Excessive daytime somnolence; Insomnia; Abnormal sleep architecture; Narcolepsy,1,12
http://purl.obolibrary.org/obo/HP_0025298,Extended nighttime sleep,http://purl.obolibrary.org/obo/HP_0025288,Excessive sleep,http://purl.obolibrary.org/obo/HP_0002330; http://purl.obolibrary.org/obo/HP_0025299; http://purl.obolibrary.org/obo/HP_5200289,Sleep attack; Frequent napping; Microsleep,1,3
http://purl.obolibrary.org/obo/HP_0025299,Frequent napping,http://purl.obolibrary.org/obo/HP_0025288,Excessive sleep,http://purl.obolibrary.org/obo/HP_0025298; http://purl.obolibrary.org/obo/HP_0002330; http://purl.obolibrary.org/obo/HP_5200289,Extended nighttime sleep; Sleep attack; Microsleep,1,3
http://purl.obolibrary.org/obo/HP_0025365,Free-running sleep pattern,http://purl.obolibrary.org/obo/HP_0006979,Sleep-wake cycle disturbance,http://purl.obolibrary.org/obo/HP_0033063; http://purl.obolibrary.org/obo/HP_0031849; http://purl.obolibrary.org/obo/HP_0031873; http://purl.obolibrary.org/obo/HP_0031874,Shortened sleep phase; Sleep-wake inversion; Early chronotype; Late chronotype,1,4
http://purl.obolibrary.org/obo/HP_4000063,Sleep related hallucination,http://purl.obolibrary.org/obo/HP_0000738; http://purl.obolibrary.org/obo/HP_5200293,Hallucinations; Sleep-wake transition abnormality,http://purl.obolibrary.org/obo/HP_5200296; http://purl.obolibrary.org/obo/HP_0025233; http://purl.obolibrary.org/obo/HP_0008765; http://purl.obolibrary.org/obo/HP_5200200; http://purl.obolibrary.org/obo/HP_5200297; http://purl.obolibrary.org/obo/HP_5200214; http://purl.obolibrary.org/obo/HP_0002367; http://purl.obolibrary.org/obo/HP_5200201,Abnormal transition from sleep to wakefulness; Sleep paralysis; Auditory hallucination; Olfactory hallucination; Abnormal transition from wakefulness to sleep; Somatic hallucination; Visual hallucination; Gustatory hallucination,2,8
http://purl.obolibrary.org/obo/HP_4000064,Poor sleep,http://purl.obolibrary.org/obo/HP_0002360,Sleep disturbance,http://purl.obolibrary.org/obo/HP_0006979; http://purl.obolibrary.org/obo/HP_0025288; http://purl.obolibrary.org/obo/HP_5200283; http://purl.obolibrary.org/obo/HP_0025234; http://purl.obolibrary.org/obo/HP_0002494; http://purl.obolibrary.org/obo/HP_5200276; http://purl.obolibrary.org/obo/HP_5200305; http://purl.obolibrary.org/obo/HP_0100786; http://purl.obolibrary.org/obo/HP_0001262; http://purl.obolibrary.org/obo/HP_0100785; http://purl.obolibrary.org/obo/HP_5200298; http://purl.obolibrary.org/obo/HP_0030050,Sleep-wake cycle disturbance; Excessive sleep; Sleep-related breathing disorders; Parasomnia; Abnormal rapid eye movement sleep; Decreased need for sleep; Paradoxical insomnia; Hypersomnia; Excessive daytime somnolence; Insomnia; Abnormal sleep architecture; Narcolepsy,1,12
http://purl.obolibrary.org/obo/HP_6001278,Positive stool glutamate dehydrogenase test,http://purl.obolibrary.org/obo/HP_0034866,Positive stool infectious agent test,http://purl.obolibrary.org/obo/HP_6000324; http://purl.obolibrary.org/obo/HP_6000838; http://purl.obolibrary.org/obo/HP_0034868; http://purl.obolibrary.org/obo/HP_0034865; http://purl.obolibrary.org/obo/HP_6000904; http://purl.obolibrary.org/obo/HP_0034867; http://purl.obolibrary.org/obo/HP_0034476,Positive stool Giardia antigen test; Positive fecal cryptosporidium antigen test; Entamoeba histolytica antibody positive in stool; Positive fecal parasite test; Positive Vibrio cholerae stool culture; Positive stool giardia antigen; Positive fecal Clostridium botulinum test,1,7
http://purl.obolibrary.org/obo/HP_6001279,Retrocorneal membrane,http://purl.obolibrary.org/obo/HP_0000593,Abnormal anterior chamber morphology,http://purl.obolibrary.org/obo/HP_0031616; http://purl.obolibrary.org/obo/HP_0000594; http://purl.obolibrary.org/obo/HP_0031701; http://purl.obolibrary.org/obo/HP_0031615; http://purl.obolibrary.org/obo/HP_0012630; http://purl.obolibrary.org/obo/HP_0008037; http://purl.obolibrary.org/obo/HP_0007765; http://purl.obolibrary.org/obo/HP_0025560; http://purl.obolibrary.org/obo/HP_0007833; http://purl.obolibrary.org/obo/HP_0011485; http://purl.obolibrary.org/obo/HP_0031702; http://purl.obolibrary.org/obo/HP_0025311,Anterior chamber flare; Shallow anterior chamber; Anterior chamber inflammatory cells; Hypopyon; Abnormal trabecular meshwork morphology; Absent anterior chamber of the eye; Deep anterior chamber; Anterior chamber cells; Anterior chamber synechiae; Corneolenticular adhesion; Anterior chamber red blood cells; Anterior chamber cyst,1,12
http://purl.obolibrary.org/obo/HP_6001280,Adrenal hemorrhage,http://purl.obolibrary.org/obo/HP_0011732,Abnormal adrenal morphology,http://purl.obolibrary.org/obo/HP_0011742; http://purl.obolibrary.org/obo/HP_0000849; http://purl.obolibrary.org/obo/HP_0010512; http://purl.obolibrary.org/obo/HP_0008221; http://purl.obolibrary.org/obo/HP_0034880; http://purl.obolibrary.org/obo/HP_0034829; http://purl.obolibrary.org/obo/HP_0100631; http://purl.obolibrary.org/obo/HP_0000835; http://purl.obolibrary.org/obo/HP_6001167; http://purl.obolibrary.org/obo/HP_0008216; http://purl.obolibrary.org/obo/HP_0008186; http://purl.obolibrary.org/obo/HP_0034622,Ectopic adrenal gland; Adrenocortical abnormality; Adrenal calcification; Adrenal hyperplasia; Adrenal mass; Adrenal cortical sclerosis; Neoplasm of the adrenal gland; Adrenal hypoplasia; Discoid adrenal gland; Adrenal gland dysgenesis; Adrenocortical cytomegaly; Adrenal xanthomatosis,1,12
http://purl.obolibrary.org/obo/HP_6001281,Optic nerve sheath dilatation,http://purl.obolibrary.org/obo/HP_0000587,Abnormal optic nerve morphology,http://purl.obolibrary.org/obo/HP_0032270; http://purl.obolibrary.org/obo/HP_0001112; http://purl.obolibrary.org/obo/HP_0025163; http://purl.obolibrary.org/obo/HP_0200057; http://purl.obolibrary.org/obo/HP_0034987; http://purl.obolibrary.org/obo/HP_0007807; http://purl.obolibrary.org/obo/HP_0100653; http://purl.obolibrary.org/obo/HP_0025551; http://purl.obolibrary.org/obo/HP_0034567; http://purl.obolibrary.org/obo/HP_0025514; http://purl.obolibrary.org/obo/HP_0025739; http://purl.obolibrary.org/obo/HP_0031256; http://purl.obolibrary.org/obo/HP_0001138; http://purl.obolibrary.org/obo/HP_0001093; http://purl.obolibrary.org/obo/HP_0008058; http://purl.obolibrary.org/obo/HP_0012795,Optic nerve tram-track sign; Leber optic atrophy; Abnormal optic chiasm morphology; Marcus Gunn pupil; Focal necrotic optic nerve lesion; Optic nerve compression; Optic neuritis; Optic nerve misrouting; Optic pit; Morning glory anomaly; Optic nerve mass; Optic nerve arteriovenous malformation; Optic neuropathy; Optic nerve dysplasia; Aplasia/Hypoplasia of the optic nerve; Abnormal optic disc morphology,1,16
http://purl.obolibrary.org/obo/HP_6001282,Right ventricular thrombus,http://purl.obolibrary.org/obo/HP_0001707,Abnormal right ventricle morphology,http://purl.obolibrary.org/obo/HP_0001648; http://purl.obolibrary.org/obo/HP_0011663; http://purl.obolibrary.org/obo/HP_0004762; http://purl.obolibrary.org/obo/HP_6000667; http://purl.obolibrary.org/obo/HP_0030740; http://purl.obolibrary.org/obo/HP_0001667; http://purl.obolibrary.org/obo/HP_0005133; http://purl.obolibrary.org/obo/HP_0034364,Cor pulmonale; Right ventricular cardiomyopathy; Hypoplasia of right ventricle; Right ventricular aneurysm; Anomalous muscle bundle of the right ventricle; Right ventricular hypertrophy; Right ventricular dilatation; Fibrofatty replacement of right ventricular myocardium,1,8
http://purl.obolibrary.org/obo/HP_6001283,Disseminated candidiasis,http://purl.obolibrary.org/obo/HP_0020101,Invasive fungal infection,http://purl.obolibrary.org/obo/HP_0020103,Invasive pulmonary aspergillosis,1,1
http://purl.obolibrary.org/obo/HP_6001284,Phrenic neuropathy,http://purl.obolibrary.org/obo/HP_0032120,Abnormal peripheral nervous system physiology,http://purl.obolibrary.org/obo/HP_0009830; http://purl.obolibrary.org/obo/HP_0034351; http://purl.obolibrary.org/obo/HP_0030177; http://purl.obolibrary.org/obo/HP_0032121; http://purl.obolibrary.org/obo/HP_0033672; http://purl.obolibrary.org/obo/HP_6000322; http://purl.obolibrary.org/obo/HP_0033673,Peripheral neuropathy; Neuromyotonia; Abnormality of peripheral nervous system electrophysiology; Froment sign; Positive carpal Tinel sign; Absent axon flare response after intradermal histamine injection; Positive Phalen test,1,7
http://purl.obolibrary.org/obo/HP_6001285,Glomerular basement membrane subendothelial remodeling,http://purl.obolibrary.org/obo/HP_0033282,Abnormal glomerular basement membrane morphology,http://purl.obolibrary.org/obo/HP_0004722; http://purl.obolibrary.org/obo/HP_6001028; http://purl.obolibrary.org/obo/HP_0033499; http://purl.obolibrary.org/obo/HP_0033486; http://purl.obolibrary.org/obo/HP_0033289; http://purl.obolibrary.org/obo/HP_0030034; http://purl.obolibrary.org/obo/HP_6001027; http://purl.obolibrary.org/obo/HP_6001029; http://purl.obolibrary.org/obo/HP_0033287; http://purl.obolibrary.org/obo/HP_0012577; http://purl.obolibrary.org/obo/HP_0033485; http://purl.obolibrary.org/obo/HP_0033288; http://purl.obolibrary.org/obo/HP_0033494; http://purl.obolibrary.org/obo/HP_0033227; http://purl.obolibrary.org/obo/HP_0033290,Thickened glomerular basement membrane; Diminished glomerular basement membrane collagen IV alpha 4 chain staining; Glomerular basement membrane electron dense deposits; Abnormal glomerular basement membrane texture; Glomerular basement membrane wrinkling; Glomerular basement membrane lamellation; Diminished glomerular basement membrane collagen IV alpha 3 chain staining; Diminished glomerular basement membrane collagen IV alpha 5 chain staining; Glomerular basement membrane lucencies; Thin glomerular basement membrane; Glomerular basement membrane disruption; Glomerular basement membrane spikes; Glomerular basement membrane amyloid spicule; Glomerular synechial adhesion; Glomerular subendothelial widening,1,15
http://purl.obolibrary.org/obo/HP_6001286,Glomerular endothelium swelling,http://purl.obolibrary.org/obo/HP_0000095,Abnormal renal glomerulus morphology,http://purl.obolibrary.org/obo/HP_0000111; http://purl.obolibrary.org/obo/HP_6000668; http://purl.obolibrary.org/obo/HP_0025364; http://purl.obolibrary.org/obo/HP_0001966; http://purl.obolibrary.org/obo/HP_0032583; http://purl.obolibrary.org/obo/HP_0100611; http://purl.obolibrary.org/obo/HP_0025006; http://purl.obolibrary.org/obo/HP_0000096; http://purl.obolibrary.org/obo/HP_0030162; http://purl.obolibrary.org/obo/HP_0033215; http://purl.obolibrary.org/obo/HP_0100820; http://purl.obolibrary.org/obo/HP_0033282; http://purl.obolibrary.org/obo/HP_0030949; http://purl.obolibrary.org/obo/HP_6000669; http://purl.obolibrary.org/obo/HP_0000099,Renal juxtaglomerular cell hypertrophy/hyperplasia; Glomerular immune-complex deposition; Glomerular extracapillary hypercellularity; Abnormal glomerular mesangium morphology; Renal glomerular foam cells; Multiple glomerular cysts; Abnormal glomerular capillary morphology; Glomerular sclerosis; Glomerulomegaly; Obliterative abnormality of the renal glomerulus; Glomerulopathy; Abnormal glomerular basement membrane morphology; Glomerular deposits; Glomerular PLA2R immune-complex deposition; Glomerulonephritis,1,15
http://purl.obolibrary.org/obo/HP_6001287,Medullary collecting duct ectasia,http://purl.obolibrary.org/obo/HP_0004742,Abnormal renal collecting system morphology,http://purl.obolibrary.org/obo/HP_0100877; http://purl.obolibrary.org/obo/HP_0000081,Renal diverticulum; Duplicated collecting system,1,2
http://purl.obolibrary.org/obo/HP_6001289,Corneal keloid,http://purl.obolibrary.org/obo/HP_0011495,Abnormal corneal epithelium morphology,http://purl.obolibrary.org/obo/HP_0012804; http://purl.obolibrary.org/obo/HP_0200020; http://purl.obolibrary.org/obo/HP_6001184; http://purl.obolibrary.org/obo/HP_6001182; http://purl.obolibrary.org/obo/HP_6001232; http://purl.obolibrary.org/obo/HP_0000491,Corneal ulceration; Corneal erosion; Filamentary keratitis; Corneal epithelial edema; Corneal iron line; Keratitis,1,6
http://purl.obolibrary.org/obo/HP_6001290,Podocytic mitochondrial proliferation,http://purl.obolibrary.org/obo/HP_0031265,Abnormal glomerular visceral epithelial cell morphology,http://purl.obolibrary.org/obo/HP_0033492; http://purl.obolibrary.org/obo/HP_0033296; http://purl.obolibrary.org/obo/HP_0033237; http://purl.obolibrary.org/obo/HP_0031266; http://purl.obolibrary.org/obo/HP_0033238; http://purl.obolibrary.org/obo/HP_0033265; http://purl.obolibrary.org/obo/HP_0033266; http://purl.obolibrary.org/obo/HP_0033483; http://purl.obolibrary.org/obo/HP_0033315; http://purl.obolibrary.org/obo/HP_0033314; http://purl.obolibrary.org/obo/HP_0020133; http://purl.obolibrary.org/obo/HP_0033297,Podocyte cytoskeletal condensation; Binucleated visceral epithelial cells; Visceral epithelial cell detachment; Podocyte foot process effacement; Podocyte microvillous transformation; Podocyte myelin figures; Glomerular pseudocrescent; Podocyte infolding; Visceral epithelial hyaline droplets; Visceral epithelial cell hyperplasia; Podocyte hypertrophy; Multinucleated visceral epithelial cells,1,12
http://purl.obolibrary.org/obo/HP_6001291,Elevated vitamin D metabolite ratio,http://purl.obolibrary.org/obo/HP_0100511,Abnormality of vitamin D metabolism,http://purl.obolibrary.org/obo/HP_0012053; http://purl.obolibrary.org/obo/HP_0031414; http://purl.obolibrary.org/obo/HP_0012052; http://purl.obolibrary.org/obo/HP_0031415; http://purl.obolibrary.org/obo/HP_0100512,Decreased circulating calcifediol concentration; High serum calcifediol; Low serum calcitriol; High serum calcitriol; Decreased circulating vitamin D concentration,1,5
http://purl.obolibrary.org/obo/HP_6001294,Tubular accumulation of uromodulin,http://purl.obolibrary.org/obo/HP_0032950,Abnormal renal tubular lumen morphology,http://purl.obolibrary.org/obo/HP_0032622; http://purl.obolibrary.org/obo/HP_0032962,Tubular luminal dilatation; Tubular microcystic change,1,2
http://purl.obolibrary.org/obo/HP_6001295,Elevated stool reducing substances,http://purl.obolibrary.org/obo/HP_0031685,Abnormal stool composition,http://purl.obolibrary.org/obo/HP_0034043; http://purl.obolibrary.org/obo/HP_0034471; http://purl.obolibrary.org/obo/HP_0034866; http://purl.obolibrary.org/obo/HP_0034469; http://purl.obolibrary.org/obo/HP_0032484; http://purl.obolibrary.org/obo/HP_0034470; http://purl.obolibrary.org/obo/HP_0034056; http://purl.obolibrary.org/obo/HP_0011985; http://purl.obolibrary.org/obo/HP_0500114; http://purl.obolibrary.org/obo/HP_0032999; http://purl.obolibrary.org/obo/HP_6000221; http://purl.obolibrary.org/obo/HP_6000686; http://purl.obolibrary.org/obo/HP_0032485; http://purl.obolibrary.org/obo/HP_0032488; http://purl.obolibrary.org/obo/HP_0034283; http://purl.obolibrary.org/obo/HP_0031686,Increased fecal bile acid; Increased fecal coproporphyrin III:coproporphyrin I ratio; Positive stool infectious agent test; Decreased stool elastase level; Elevated fecal sodium; Elevated stool chloride content; Increased fecal calprotectin level; Acholic stools; Abnormal stool urobilinogen concentration; Increased fecal porphyrin; Positive stool occult blood test; Mucus in stool; Abnormal fecal osmolality; Abnormal fecal pH; Increased fecal protoporphyrin concentration; Increased stool alpha1-antitrypsin concentration,1,16
http://purl.obolibrary.org/obo/HP_6001296,Osteochondral lesion of talus,http://purl.obolibrary.org/obo/HP_0008365,Abnormal talus morphology,http://purl.obolibrary.org/obo/HP_0008117; http://purl.obolibrary.org/obo/HP_0033977; http://purl.obolibrary.org/obo/HP_0041164; http://purl.obolibrary.org/obo/HP_0008095; http://purl.obolibrary.org/obo/HP_6001349; http://purl.obolibrary.org/obo/HP_0001775; http://purl.obolibrary.org/obo/HP_0001838; http://purl.obolibrary.org/obo/HP_0011836,Shortening of the talar neck; Talar aplasia; Fractured talus; Osteolysis of talus; Os trigonum; Tarsal osteovalgus; Rocker bottom foot; Delayed talus ossification,1,8
http://purl.obolibrary.org/obo/HP_6001297,Mallet toe,http://purl.obolibrary.org/obo/HP_0034398,Toe deformity,http://purl.obolibrary.org/obo/HP_0001765; http://purl.obolibrary.org/obo/HP_0034397; http://purl.obolibrary.org/obo/HP_0001845,Hammertoe; Claw toe deformity; Overlapping toe,1,3
http://purl.obolibrary.org/obo/HP_6001298,Bunionette deformity,http://purl.obolibrary.org/obo/HP_0008089,Abnormality of the fifth metatarsal bone,http://purl.obolibrary.org/obo/HP_0041223; http://purl.obolibrary.org/obo/HP_6001344; http://purl.obolibrary.org/obo/HP_0040033; http://purl.obolibrary.org/obo/HP_0004704,Fractured metatarsal bone of digit 5; Fifth metatarsal apophysitis; Aplasia/Hypoplasia of the fifth metatarsal bone; Short fifth metatarsal,1,4
http://purl.obolibrary.org/obo/HP_6001299,Elevated CSF beta chorionic gonadotropin concentration,http://purl.obolibrary.org/obo/HP_0025456,Abnormal CSF protein concentration,http://purl.obolibrary.org/obo/HP_0034406; http://purl.obolibrary.org/obo/HP_0032650; http://purl.obolibrary.org/obo/HP_0032652; http://purl.obolibrary.org/obo/HP_0030860; http://purl.obolibrary.org/obo/HP_6000205; http://purl.obolibrary.org/obo/HP_0025688; http://purl.obolibrary.org/obo/HP_0002922; http://purl.obolibrary.org/obo/HP_6000397; http://purl.obolibrary.org/obo/HP_0025457; http://purl.obolibrary.org/obo/HP_0500238; http://purl.obolibrary.org/obo/HP_6000399; http://purl.obolibrary.org/obo/HP_6000447; http://purl.obolibrary.org/obo/HP_6000765; http://purl.obolibrary.org/obo/HP_0032651; http://purl.obolibrary.org/obo/HP_0032928,Elevated CSF angiotensin-converting enzyme concentration; Elevated CSF glial fibrillary acidic protein concentration; Elevated CSF chitotriosidase 1 concentration; Abnormal CSF amyloid concentration; Elevated CSF myelin basic protein concentration; Abnormal amyloid beta peptide CSF concentration; Increased CSF protein concentration; CSF oligoclonal immunoglobulin G bands; Decreased CSF protein concentration; Abnormal CSF albumin concentration; Elevated CSF alpha-crystallin B chain concentration; Decreased CSF asialotransferrin to transferrin ratio; Decreased CSF N-acetyl-aspartyl-glutamate concentration; Elevated CSF chitinase-3-like protein 1 concentration; Elevated CSF neurofilament light chain concentration,1,15
http://purl.obolibrary.org/obo/HP_6001300,Pigment epithelium detachment,http://purl.obolibrary.org/obo/HP_0007703,Abnormality of retinal pigmentation,http://purl.obolibrary.org/obo/HP_0007814; http://purl.obolibrary.org/obo/HP_0000580,Retinal pigment epithelial mottling; Pigmentary retinopathy,1,2
http://purl.obolibrary.org/obo/HP_6001301,Retinal gliosis,http://purl.obolibrary.org/obo/HP_0000546,Retinal degeneration,http://purl.obolibrary.org/obo/HP_0007769; http://purl.obolibrary.org/obo/HP_0008035; http://purl.obolibrary.org/obo/HP_0001105; http://purl.obolibrary.org/obo/HP_0000608,Peripheral retinal degeneration; Retinitis pigmentosa inversa; Retinal atrophy; Macular degeneration,1,4
http://purl.obolibrary.org/obo/HP_6001302,Aphakia,http://purl.obolibrary.org/obo/HP_0000517,Abnormal lens morphology,http://purl.obolibrary.org/obo/HP_0500081; http://purl.obolibrary.org/obo/HP_0001083; http://purl.obolibrary.org/obo/HP_0000518; http://purl.obolibrary.org/obo/HP_0008063; http://purl.obolibrary.org/obo/HP_0012629; http://purl.obolibrary.org/obo/HP_6000097; http://purl.obolibrary.org/obo/HP_0011526,Pseudophakia; Ectopia lentis; Cataract; Aplasia/Hypoplasia of the lens; Phakodonesis; Spontaneous lens capsule rupture; Abnormality of lens shape,1,7
http://purl.obolibrary.org/obo/HP_6001303,Pain on thumb extension,http://purl.obolibrary.org/obo/HP_0046505,Hand pain,http://purl.obolibrary.org/obo/HP_0030837; http://purl.obolibrary.org/obo/HP_6001127,Finger pain; Pain at the base of the thumb,1,2
http://purl.obolibrary.org/obo/HP_6001304,Fractured lunate bone,http://purl.obolibrary.org/obo/HP_0041248,Fractured carpal bone,http://purl.obolibrary.org/obo/HP_6001310; http://purl.obolibrary.org/obo/HP_6001305; http://purl.obolibrary.org/obo/HP_6001307; http://purl.obolibrary.org/obo/HP_6001107; http://purl.obolibrary.org/obo/HP_6001308; http://purl.obolibrary.org/obo/HP_6001309; http://purl.obolibrary.org/obo/HP_6001306,Fractured hamate bone; Fractured triquetrum bone; Fractured trapezium bone; Fractured scaphoid bone; Fractured trapezoid bone; Fractured capitate bone; Fractured pisiform bone,1,7
http://purl.obolibrary.org/obo/HP_6001305,Fractured triquetrum bone,http://purl.obolibrary.org/obo/HP_0041248,Fractured carpal bone,http://purl.obolibrary.org/obo/HP_6001310; http://purl.obolibrary.org/obo/HP_6001307; http://purl.obolibrary.org/obo/HP_6001107; http://purl.obolibrary.org/obo/HP_6001308; http://purl.obolibrary.org/obo/HP_6001304; http://purl.obolibrary.org/obo/HP_6001309; http://purl.obolibrary.org/obo/HP_6001306,Fractured hamate bone; Fractured trapezium bone; Fractured scaphoid bone; Fractured trapezoid bone; Fractured lunate bone; Fractured capitate bone; Fractured pisiform bone,1,7
http://purl.obolibrary.org/obo/HP_6001306,Fractured pisiform bone,http://purl.obolibrary.org/obo/HP_0041248,Fractured carpal bone,http://purl.obolibrary.org/obo/HP_6001310; http://purl.obolibrary.org/obo/HP_6001305; http://purl.obolibrary.org/obo/HP_6001307; http://purl.obolibrary.org/obo/HP_6001107; http://purl.obolibrary.org/obo/HP_6001308; http://purl.obolibrary.org/obo/HP_6001304; http://purl.obolibrary.org/obo/HP_6001309,Fractured hamate bone; Fractured triquetrum bone; Fractured trapezium bone; Fractured scaphoid bone; Fractured trapezoid bone; Fractured lunate bone; Fractured capitate bone,1,7
http://purl.obolibrary.org/obo/HP_6001307,Fractured trapezium bone,http://purl.obolibrary.org/obo/HP_0041248,Fractured carpal bone,http://purl.obolibrary.org/obo/HP_6001310; http://purl.obolibrary.org/obo/HP_6001305; http://purl.obolibrary.org/obo/HP_6001107; http://purl.obolibrary.org/obo/HP_6001308; http://purl.obolibrary.org/obo/HP_6001304; http://purl.obolibrary.org/obo/HP_6001309; http://purl.obolibrary.org/obo/HP_6001306,Fractured hamate bone; Fractured triquetrum bone; Fractured scaphoid bone; Fractured trapezoid bone; Fractured lunate bone; Fractured capitate bone; Fractured pisiform bone,1,7
http://purl.obolibrary.org/obo/HP_6001308,Fractured trapezoid bone,http://purl.obolibrary.org/obo/HP_0041248,Fractured carpal bone,http://purl.obolibrary.org/obo/HP_6001310; http://purl.obolibrary.org/obo/HP_6001305; http://purl.obolibrary.org/obo/HP_6001307; http://purl.obolibrary.org/obo/HP_6001107; http://purl.obolibrary.org/obo/HP_6001304; http://purl.obolibrary.org/obo/HP_6001309; http://purl.obolibrary.org/obo/HP_6001306,Fractured hamate bone; Fractured triquetrum bone; Fractured trapezium bone; Fractured scaphoid bone; Fractured lunate bone; Fractured capitate bone; Fractured pisiform bone,1,7
http://purl.obolibrary.org/obo/HP_6001309,Fractured capitate bone,http://purl.obolibrary.org/obo/HP_0041248,Fractured carpal bone,http://purl.obolibrary.org/obo/HP_6001310; http://purl.obolibrary.org/obo/HP_6001305; http://purl.obolibrary.org/obo/HP_6001307; http://purl.obolibrary.org/obo/HP_6001107; http://purl.obolibrary.org/obo/HP_6001308; http://purl.obolibrary.org/obo/HP_6001304; http://purl.obolibrary.org/obo/HP_6001306,Fractured hamate bone; Fractured triquetrum bone; Fractured trapezium bone; Fractured scaphoid bone; Fractured trapezoid bone; Fractured lunate bone; Fractured pisiform bone,1,7
http://purl.obolibrary.org/obo/HP_6001310,Fractured hamate bone,http://purl.obolibrary.org/obo/HP_0041248,Fractured carpal bone,http://purl.obolibrary.org/obo/HP_6001305; http://purl.obolibrary.org/obo/HP_6001307; http://purl.obolibrary.org/obo/HP_6001107; http://purl.obolibrary.org/obo/HP_6001308; http://purl.obolibrary.org/obo/HP_6001304; http://purl.obolibrary.org/obo/HP_6001309; http://purl.obolibrary.org/obo/HP_6001306,Fractured triquetrum bone; Fractured trapezium bone; Fractured scaphoid bone; Fractured trapezoid bone; Fractured lunate bone; Fractured capitate bone; Fractured pisiform bone,1,7
http://purl.obolibrary.org/obo/HP_6001311,Pulsatile abdominal mass,http://purl.obolibrary.org/obo/HP_0031500,Abdominal mass,http://purl.obolibrary.org/obo/HP_6001312,Nonpulsatile abdominal mass,1,1
http://purl.obolibrary.org/obo/HP_6001312,Nonpulsatile abdominal mass,http://purl.obolibrary.org/obo/HP_0031500,Abdominal mass,http://purl.obolibrary.org/obo/HP_6001311,Pulsatile abdominal mass,1,1
http://purl.obolibrary.org/obo/HP_6001313,Iatrogenic anophthalmos,http://purl.obolibrary.org/obo/HP_0012372,Abnormal eye morphology,http://purl.obolibrary.org/obo/HP_0004329; http://purl.obolibrary.org/obo/HP_0008056; http://purl.obolibrary.org/obo/HP_6000955; http://purl.obolibrary.org/obo/HP_0000553; http://purl.obolibrary.org/obo/HP_0100886; http://purl.obolibrary.org/obo/HP_0100012; http://purl.obolibrary.org/obo/HP_0008047; http://purl.obolibrary.org/obo/HP_0004328; http://purl.obolibrary.org/obo/HP_0010727; http://purl.obolibrary.org/obo/HP_0000591; http://purl.obolibrary.org/obo/HP_0000589; http://purl.obolibrary.org/obo/HP_0100887; http://purl.obolibrary.org/obo/HP_0000667,Abnormal posterior eye segment morphology; Aplasia/Hypoplasia affecting the eye; Ocular cystine crystal deposition; Abnormal uvea morphology; Abnormality of globe location; Neoplasm of the eye; Abnormality of the vasculature of the eye; Abnormal anterior eye segment morphology; Spontaneous rupture of the globe; Abnormal sclera morphology; Coloboma; Abnormality of globe size; Phthisis bulbi,1,13
http://purl.obolibrary.org/obo/HP_6001314,Reduced erythrocyte glutathione peroxidase,http://purl.obolibrary.org/obo/HP_0030272,Abnormal erythrocyte enzyme concentration or activity,http://purl.obolibrary.org/obo/HP_6000558; http://purl.obolibrary.org/obo/HP_6000559; http://purl.obolibrary.org/obo/HP_4000203; http://purl.obolibrary.org/obo/HP_6000557; http://purl.obolibrary.org/obo/HP_6000555; http://purl.obolibrary.org/obo/HP_6000514; http://purl.obolibrary.org/obo/HP_6000525; http://purl.obolibrary.org/obo/HP_6000723; http://purl.obolibrary.org/obo/HP_4000208; http://purl.obolibrary.org/obo/HP_6000511; http://purl.obolibrary.org/obo/HP_6000132; http://purl.obolibrary.org/obo/HP_6000133; http://purl.obolibrary.org/obo/HP_6000561; http://purl.obolibrary.org/obo/HP_0410196; http://purl.obolibrary.org/obo/HP_0025109; http://purl.obolibrary.org/obo/HP_4000209; http://purl.obolibrary.org/obo/HP_4000199,"Reduced erythrocyte adenylate kinase activity; Reduced erythrocyte hexokinase activity; Reduced erythrocyte arginase activity; Reduced erythrocyte bisphosphoglycerate mutase activity; Decreased erythrocyte fructose-1,6-bisphosphate aldolase activity; Reduced erythrocyte uroporphyrinogen III cosynthase activity; Reduced erythrocyte glutathione reductase activity; Reduced erythrocyte galactokinase activity; Reduced erythrocyte galactose-1-phosphate uridylyltransferase activity; Reduced erythrocyte inosine triphosphatase activity; Reduced erythrocyte gamma-glutamyl cysteine synthetase activity; Decreased erythrocyte nicotinamide adenine dinucleotide-cytochrome b5 reductase activity; Elevated red cell pyruvate kinase activity; Abnormal erythrocyte UDP glucose-4-epimerase concentration; Reduced red cell pyruvate kinase level; Abnormal erythrocyte adenosine deaminase activity; Reduced erythrocyte porphobilinogen deaminase activity",1,17
http://purl.obolibrary.org/obo/HP_6001315,Elevated circulating malonyl carnitine concentration,http://purl.obolibrary.org/obo/HP_0010966,Abnormal circulating fatty-acid anion concentration,http://purl.obolibrary.org/obo/HP_0034297; http://purl.obolibrary.org/obo/HP_0010967; http://purl.obolibrary.org/obo/HP_0012071; http://purl.obolibrary.org/obo/HP_0034298,Elevated circulating tetracosanoic acid concentration; Abnormal circulating carnitine concentration; Abnormal circulating acylcarnitine concentration; Elevated circulating hexacosanoic acid concentration,1,4
http://purl.obolibrary.org/obo/HP_6001316,Sertoli cell hypoplasia,http://purl.obolibrary.org/obo/HP_0000035,Abnormal testis morphology,http://purl.obolibrary.org/obo/HP_0032404; http://purl.obolibrary.org/obo/HP_0012860; http://purl.obolibrary.org/obo/HP_0030868; http://purl.obolibrary.org/obo/HP_0033180; http://purl.obolibrary.org/obo/HP_0100796; http://purl.obolibrary.org/obo/HP_0008733; http://purl.obolibrary.org/obo/HP_0010788; http://purl.obolibrary.org/obo/HP_0034945; http://purl.obolibrary.org/obo/HP_6000460; http://purl.obolibrary.org/obo/HP_0000028; http://purl.obolibrary.org/obo/HP_0025038; http://purl.obolibrary.org/obo/HP_0000034; http://purl.obolibrary.org/obo/HP_0034746; http://purl.obolibrary.org/obo/HP_0045058; http://purl.obolibrary.org/obo/HP_0012215; http://purl.obolibrary.org/obo/HP_0010789; http://purl.obolibrary.org/obo/HP_6000839; http://purl.obolibrary.org/obo/HP_0010470; http://purl.obolibrary.org/obo/HP_0100813; http://purl.obolibrary.org/obo/HP_0012646; http://purl.obolibrary.org/obo/HP_0008715; http://purl.obolibrary.org/obo/HP_0030869; http://purl.obolibrary.org/obo/HP_0034299; http://purl.obolibrary.org/obo/HP_0008720; http://purl.obolibrary.org/obo/HP_0012870; http://purl.obolibrary.org/obo/HP_0000029; http://purl.obolibrary.org/obo/HP_0025476,Testicular mass; Testicular fibrosis; Monorchism; Torsion of appendix of testis; Orchitis; Dysplastic testes; Testicular neoplasm; Tubular shadows; Ectopic testis; Cryptorchidism; Intratesticular abscess; Hydrocele testis; Sertoli cell hyperplasia; Abnormality of the testis size; Testicular microlithiasis; Abnormality of the Leydig cells; Horizontal position of testicle; Supernumerary testes; Testicular torsion; Retractile testis; Testicular dysgenesis; Anorchism; Sertoli cell-only phenotype; Primary testicular failure; Vanishing testis; Testicular atrophy; Testicular lipomatosis,1,27
http://purl.obolibrary.org/obo/HP_6001317,Posititve talar tilt test,http://purl.obolibrary.org/obo/HP_0034674,Abnormal ankle physiology,http://purl.obolibrary.org/obo/HP_0011448; http://purl.obolibrary.org/obo/HP_0006460; http://purl.obolibrary.org/obo/HP_6001342; http://purl.obolibrary.org/obo/HP_0010505; http://purl.obolibrary.org/obo/HP_6001350,Ankle clonus; Increased laxity of ankles; Positive anterior drawer test; Limitation of movement at ankles; Positive heel squeeze test,1,5
http://purl.obolibrary.org/obo/HP_6001318,Plantar ecchymosis,http://purl.obolibrary.org/obo/HP_0031364,Ecchymosis,http://purl.obolibrary.org/obo/HP_0034771,Battle sign,1,1
http://purl.obolibrary.org/obo/HP_6001320,Lateral ankle pain,http://purl.obolibrary.org/obo/HP_0030840,Ankle pain,http://purl.obolibrary.org/obo/HP_6001321; http://purl.obolibrary.org/obo/HP_6001322; http://purl.obolibrary.org/obo/HP_6001323,Medial ankle pain; Posterior ankle pain; Anterior ankle pain,1,3
http://purl.obolibrary.org/obo/HP_6001321,Medial ankle pain,http://purl.obolibrary.org/obo/HP_0030840,Ankle pain,http://purl.obolibrary.org/obo/HP_6001322; http://purl.obolibrary.org/obo/HP_6001320; http://purl.obolibrary.org/obo/HP_6001323,Posterior ankle pain; Lateral ankle pain; Anterior ankle pain,1,3
http://purl.obolibrary.org/obo/HP_6001322,Posterior ankle pain,http://purl.obolibrary.org/obo/HP_0030840,Ankle pain,http://purl.obolibrary.org/obo/HP_6001321; http://purl.obolibrary.org/obo/HP_6001320; http://purl.obolibrary.org/obo/HP_6001323,Medial ankle pain; Lateral ankle pain; Anterior ankle pain,1,3
http://purl.obolibrary.org/obo/HP_6001323,Anterior ankle pain,http://purl.obolibrary.org/obo/HP_0030840,Ankle pain,http://purl.obolibrary.org/obo/HP_6001321; http://purl.obolibrary.org/obo/HP_6001320; http://purl.obolibrary.org/obo/HP_6001322,Medial ankle pain; Lateral ankle pain; Posterior ankle pain,1,3
http://purl.obolibrary.org/obo/HP_6001325,Retinal periphlebitis,http://purl.obolibrary.org/obo/HP_6001165,Abnormal retinal vein morphology,,,1,0
http://purl.obolibrary.org/obo/HP_6001326,Purulent pericardial effusion,http://purl.obolibrary.org/obo/HP_0001698,Pericardial effusion,http://purl.obolibrary.org/obo/HP_0011853; http://purl.obolibrary.org/obo/HP_0011851; http://purl.obolibrary.org/obo/HP_0011852,Serous pericardial effusion; Hemopericardium; Chylopericardium,1,3
http://purl.obolibrary.org/obo/HP_6001327,Conjunctival erosion,http://purl.obolibrary.org/obo/HP_0000502,Abnormal conjunctiva morphology,http://purl.obolibrary.org/obo/HP_0034363; http://purl.obolibrary.org/obo/HP_0012549; http://purl.obolibrary.org/obo/HP_0100780; http://purl.obolibrary.org/obo/HP_0030947; http://purl.obolibrary.org/obo/HP_0032106; http://purl.obolibrary.org/obo/HP_0034814; http://purl.obolibrary.org/obo/HP_6001234; http://purl.obolibrary.org/obo/HP_0031830; http://purl.obolibrary.org/obo/HP_0030946; http://purl.obolibrary.org/obo/HP_0000509; http://purl.obolibrary.org/obo/HP_0001140; http://purl.obolibrary.org/obo/HP_6001091; http://purl.obolibrary.org/obo/HP_0430011; http://purl.obolibrary.org/obo/HP_0007462; http://purl.obolibrary.org/obo/HP_6000365; http://purl.obolibrary.org/obo/HP_0009903; http://purl.obolibrary.org/obo/HP_0020125; http://purl.obolibrary.org/obo/HP_0010637; http://purl.obolibrary.org/obo/HP_0012375; http://purl.obolibrary.org/obo/HP_6001193; http://purl.obolibrary.org/obo/HP_0500070; http://purl.obolibrary.org/obo/HP_0008054; http://purl.obolibrary.org/obo/HP_0030953; http://purl.obolibrary.org/obo/HP_6001233; http://purl.obolibrary.org/obo/HP_6001090; http://purl.obolibrary.org/obo/HP_0007799,Corneal pterygium; Conjunctival lipoma; Conjunctival hamartoma; Conjunctival follicles; Conjunctival icterus; Conjunctival membrane; Conjunctival hyperpigmentation; Pinguecula; Conjunctival papillae; Conjunctivitis; Limbal dermoid; Conjunctival fornix foreshortening; Defect of palpebral conjunctiva; Bitot spots of the conjunctiva; Brown pigmentation of the conjunctiva; Conjunctival nodule; Spontaneous conjunctival filtering bleb; Conjunctival amyloidosis; Chemosis; Conjunctival xerosis; Conjunctival dermolipoma; Abnormal morphology of the conjunctival vasculature; Conjunctival hyperemia; Conjunctivochalasis; Conjunctival subepithelial fibrosis; Conjunctival whitish salt-like deposits,1,26
http://purl.obolibrary.org/obo/HP_6001328,Positive Mycobacterium tuberculosis sputum culture,http://purl.obolibrary.org/obo/HP_0430107,Sputum infectious agent,http://purl.obolibrary.org/obo/HP_6000256; http://purl.obolibrary.org/obo/HP_6001218; http://purl.obolibrary.org/obo/HP_6001220; http://purl.obolibrary.org/obo/HP_0430108; http://purl.obolibrary.org/obo/HP_6001219,Pneumocystis cysts in respiratory secretions; Positive Legionella sputum culture; Positive Blastomyces dermatitidis sputum fungal stain; Positive Mycobacterium avium sputum culture; Positive Streptococcus pneumoniae sputum culture,1,5
http://purl.obolibrary.org/obo/HP_6001329,Increased external rotation of shoulder,http://purl.obolibrary.org/obo/HP_0430047,Large joint hypermobilty,http://purl.obolibrary.org/obo/HP_0045086; http://purl.obolibrary.org/obo/HP_0045087,Knee joint hypermobility; Hip joint hypermobility,1,2
http://purl.obolibrary.org/obo/HP_6001330,Positive trunk flexion test,http://purl.obolibrary.org/obo/HP_0001382,Joint hypermobility,http://purl.obolibrary.org/obo/HP_0430047; http://purl.obolibrary.org/obo/HP_0430046; http://purl.obolibrary.org/obo/HP_0002761,Large joint hypermobilty; Small joint hypermobilty; Generalized joint hypermobility,1,3
http://purl.obolibrary.org/obo/HP_6001331,Tibiotalar arthritis,http://purl.obolibrary.org/obo/HP_0034673,Abnormal ankle morphology,http://purl.obolibrary.org/obo/HP_0041153; http://purl.obolibrary.org/obo/HP_6001275; http://purl.obolibrary.org/obo/HP_0001785; http://purl.obolibrary.org/obo/HP_0003029; http://purl.obolibrary.org/obo/HP_6001343; http://purl.obolibrary.org/obo/HP_0034677; http://purl.obolibrary.org/obo/HP_0004684; http://purl.obolibrary.org/obo/HP_6001332; http://purl.obolibrary.org/obo/HP_0032063; http://purl.obolibrary.org/obo/HP_0006414; http://purl.obolibrary.org/obo/HP_0025802,Fractured ankle; Tibialis anterior tendon rupture; Ankle swelling; Enlargement of the ankles; Peroneal tendon tear; Ankle contracture; Talipes valgus; Anterior ankle osteophyte; Ankle joint effusion; Distal tibial bowing; Talipes varus,1,11
http://purl.obolibrary.org/obo/HP_6001332,Anterior ankle osteophyte,http://purl.obolibrary.org/obo/HP_0034673,Abnormal ankle morphology,http://purl.obolibrary.org/obo/HP_0041153; http://purl.obolibrary.org/obo/HP_6001275; http://purl.obolibrary.org/obo/HP_0001785; http://purl.obolibrary.org/obo/HP_0003029; http://purl.obolibrary.org/obo/HP_6001343; http://purl.obolibrary.org/obo/HP_6001331; http://purl.obolibrary.org/obo/HP_0034677; http://purl.obolibrary.org/obo/HP_0004684; http://purl.obolibrary.org/obo/HP_0032063; http://purl.obolibrary.org/obo/HP_0006414; http://purl.obolibrary.org/obo/HP_0025802,Fractured ankle; Tibialis anterior tendon rupture; Ankle swelling; Enlargement of the ankles; Peroneal tendon tear; Tibiotalar arthritis; Ankle contracture; Talipes valgus; Ankle joint effusion; Distal tibial bowing; Talipes varus,1,11
http://purl.obolibrary.org/obo/HP_6001333,Midfoot arthritis,http://purl.obolibrary.org/obo/HP_0001832,Abnormal metatarsal morphology,http://purl.obolibrary.org/obo/HP_0001840; http://purl.obolibrary.org/obo/HP_6001347; http://purl.obolibrary.org/obo/HP_0008125; http://purl.obolibrary.org/obo/HP_0008074; http://purl.obolibrary.org/obo/HP_0041162; http://purl.obolibrary.org/obo/HP_0040034; http://purl.obolibrary.org/obo/HP_0010054; http://purl.obolibrary.org/obo/HP_0010567; http://purl.obolibrary.org/obo/HP_0005194; http://purl.obolibrary.org/obo/HP_0008078; http://purl.obolibrary.org/obo/HP_0040035; http://purl.obolibrary.org/obo/HP_0001449; http://purl.obolibrary.org/obo/HP_0008371; http://purl.obolibrary.org/obo/HP_0001783; http://purl.obolibrary.org/obo/HP_0008102; http://purl.obolibrary.org/obo/HP_0010672; http://purl.obolibrary.org/obo/HP_0010630; http://purl.obolibrary.org/obo/HP_0001964; http://purl.obolibrary.org/obo/HP_0041215; http://purl.obolibrary.org/obo/HP_0001440; http://purl.obolibrary.org/obo/HP_0008133; http://purl.obolibrary.org/obo/HP_0008114; http://purl.obolibrary.org/obo/HP_0010508; http://purl.obolibrary.org/obo/HP_0001473; http://purl.obolibrary.org/obo/HP_0004699; http://purl.obolibrary.org/obo/HP_0008089,Metatarsus adductus; Metatarsal head osteochondrosis; Second metatarsal posteriorly placed; Metatarsal periosteal thickening; Metatarsal fracture; Abnormality of the second metatarsal bone; Abnormality of the first metatarsal bone; Y-shaped metatarsals; Flattened metatarsal heads; Thin metatarsal cortices; Abnormality of the fourth metatarsal bone; Duplication of metatarsal bones; Abnormal metatarsal ossification; Broad metatarsal; Expanded metatarsals with widened medullary cavities; Abnormality of the third metatarsal bone; Abnormal metatarsal epiphysis morphology; Aplasia/Hypoplasia of metatarsal bones; Fractured fused metatarsal bones 2-4; Metatarsal synostosis; Distal tapering of metatarsals; Metatarsal diaphyseal endosteal sclerosis; Metatarsus valgus; Metatarsal osteolysis; Osteoporotic metatarsal; Abnormality of the fifth metatarsal bone,1,26
http://purl.obolibrary.org/obo/HP_6001334,Decreased circulating reverse T3 concentration,http://purl.obolibrary.org/obo/HP_0025120,Abnormal circulating reverse T3 concentration,http://purl.obolibrary.org/obo/HP_0034288,Elevated circulating reverse T3 concentration,1,1
http://purl.obolibrary.org/obo/HP_6001336,Hairy kidney sign,http://purl.obolibrary.org/obo/HP_0012210,Abnormal renal morphology,http://purl.obolibrary.org/obo/HP_0001917; http://purl.obolibrary.org/obo/HP_0033130; http://purl.obolibrary.org/obo/HP_0000107; http://purl.obolibrary.org/obo/HP_0025327; http://purl.obolibrary.org/obo/HP_0012585; http://purl.obolibrary.org/obo/HP_0000110; http://purl.obolibrary.org/obo/HP_0000105; http://purl.obolibrary.org/obo/HP_0100957; http://purl.obolibrary.org/obo/HP_0011130; http://purl.obolibrary.org/obo/HP_0030760; http://purl.obolibrary.org/obo/HP_0032620; http://purl.obolibrary.org/obo/HP_0009741; http://purl.obolibrary.org/obo/HP_0032581; http://purl.obolibrary.org/obo/HP_0031226; http://purl.obolibrary.org/obo/HP_0033835; http://purl.obolibrary.org/obo/HP_0000075; http://purl.obolibrary.org/obo/HP_0000799; http://purl.obolibrary.org/obo/HP_0011035; http://purl.obolibrary.org/obo/HP_0010944; http://purl.obolibrary.org/obo/HP_0032619; http://purl.obolibrary.org/obo/HP_0000787; http://purl.obolibrary.org/obo/HP_0032618; http://purl.obolibrary.org/obo/HP_0100542; http://purl.obolibrary.org/obo/HP_0100880; http://purl.obolibrary.org/obo/HP_0030171; http://purl.obolibrary.org/obo/HP_0004712; http://purl.obolibrary.org/obo/HP_0012575; http://purl.obolibrary.org/obo/HP_0004742; http://purl.obolibrary.org/obo/HP_0000121; http://purl.obolibrary.org/obo/HP_0008678; http://purl.obolibrary.org/obo/HP_6000073,Renal amyloidosis; Abnormal renal echogenicity; Renal cyst; Decreased renal parenchymal thickness; Renal atrophy; Renal dysplasia; Enlarged kidney; Abnormal renal medulla morphology; Abnormal renal calyx morphology; Renal fibrosis; Intrarenal abscess; Nephrosclerosis; Abnormal renal insterstitial morphology; Perinephric fluid collection; Abnormal renal vascular morphology; Renal duplication; Renal steatosis; Abnormal renal cortex morphology; Abnormal renal pelvis morphology; Perinephric abscess; Nephrolithiasis; Renal necrosis; Abnormal localization of kidney; Nephrogenic rest; Perirenal hematoma; Renal malrotation; Abnormal nephron morphology; Abnormal renal collecting system morphology; Nephrocalcinosis; Renal hypoplasia/aplasia; Renal lymphangiectasia,1,31
http://purl.obolibrary.org/obo/HP_6001337,White appearance of duodenal mucosa,http://purl.obolibrary.org/obo/HP_0002246,Abnormal duodenum morphology,http://purl.obolibrary.org/obo/HP_0012414; http://purl.obolibrary.org/obo/HP_0002247; http://purl.obolibrary.org/obo/HP_0100867; http://purl.obolibrary.org/obo/HP_0033116; http://purl.obolibrary.org/obo/HP_0030996; http://purl.obolibrary.org/obo/HP_0002588; http://purl.obolibrary.org/obo/HP_0033117,Duodenal atrophy; Duodenal atresia; Duodenal stenosis; Duodenal gastric metaplasia; Megaduodenum; Duodenal ulcer; Duodenitis,1,7
http://purl.obolibrary.org/obo/HP_6001338,Acromioclavicular joint separation,http://purl.obolibrary.org/obo/HP_0000889,Abnormal clavicle morphology,http://purl.obolibrary.org/obo/HP_0006645; http://purl.obolibrary.org/obo/HP_0010560; http://purl.obolibrary.org/obo/HP_0000905; http://purl.obolibrary.org/obo/HP_0000890; http://purl.obolibrary.org/obo/HP_0041144; http://purl.obolibrary.org/obo/HP_6000936; http://purl.obolibrary.org/obo/HP_0041200; http://purl.obolibrary.org/obo/HP_6001339; http://purl.obolibrary.org/obo/HP_0006710; http://purl.obolibrary.org/obo/HP_0006599; http://purl.obolibrary.org/obo/HP_0000895; http://purl.obolibrary.org/obo/HP_6000874; http://purl.obolibrary.org/obo/HP_0034187; http://purl.obolibrary.org/obo/HP_0006587; http://purl.obolibrary.org/obo/HP_0000916; http://purl.obolibrary.org/obo/HP_0100923,Thin clavicles; Undulate clavicles; Progressive clavicular acroosteolysis; Long clavicles; Fractured clavicle bone; Thickened cortex of the clavicle; Fractured sternal end of clavicle; Acromioclavicular joint arthritis; Aplasia/Hypoplasia of the clavicles; Medial widening of clavicles; Lateral clavicle hook; Delayed ossification of the clavicle; Clavicular pseudarthrosis; Straight clavicles; Broad clavicles; Clavicular sclerosis,1,16
http://purl.obolibrary.org/obo/HP_6001339,Acromioclavicular joint arthritis,http://purl.obolibrary.org/obo/HP_0000889,Abnormal clavicle morphology,http://purl.obolibrary.org/obo/HP_6001338; http://purl.obolibrary.org/obo/HP_0006645; http://purl.obolibrary.org/obo/HP_0010560; http://purl.obolibrary.org/obo/HP_0000905; http://purl.obolibrary.org/obo/HP_0000890; http://purl.obolibrary.org/obo/HP_0041144; http://purl.obolibrary.org/obo/HP_6000936; http://purl.obolibrary.org/obo/HP_0041200; http://purl.obolibrary.org/obo/HP_0006710; http://purl.obolibrary.org/obo/HP_0006599; http://purl.obolibrary.org/obo/HP_0000895; http://purl.obolibrary.org/obo/HP_6000874; http://purl.obolibrary.org/obo/HP_0034187; http://purl.obolibrary.org/obo/HP_0006587; http://purl.obolibrary.org/obo/HP_0000916; http://purl.obolibrary.org/obo/HP_0100923,Acromioclavicular joint separation; Thin clavicles; Undulate clavicles; Progressive clavicular acroosteolysis; Long clavicles; Fractured clavicle bone; Thickened cortex of the clavicle; Fractured sternal end of clavicle; Aplasia/Hypoplasia of the clavicles; Medial widening of clavicles; Lateral clavicle hook; Delayed ossification of the clavicle; Clavicular pseudarthrosis; Straight clavicles; Broad clavicles; Clavicular sclerosis,1,16
http://purl.obolibrary.org/obo/HP_6001340,Positive shoulder cross-body adduction test,http://purl.obolibrary.org/obo/HP_0033129,Abnormal shoulder physiology,http://purl.obolibrary.org/obo/HP_0030881; http://purl.obolibrary.org/obo/HP_0009742; http://purl.obolibrary.org/obo/HP_0006467; http://purl.obolibrary.org/obo/HP_0025823; http://purl.obolibrary.org/obo/HP_6001224; http://purl.obolibrary.org/obo/HP_6001226,Shoulder impingement; Stiff shoulders; Limited shoulder movement; Positive provocative functional shoulder test; Shoulder instability; Positive modified dynamic labral shear test,1,6
http://purl.obolibrary.org/obo/HP_6001341,Proximal humeral epiphysiolysis,http://purl.obolibrary.org/obo/HP_0010598,Abnormality of the proximal humeral epiphysis,,,1,0
http://purl.obolibrary.org/obo/HP_6001342,Positive anterior drawer test,http://purl.obolibrary.org/obo/HP_0034674,Abnormal ankle physiology,http://purl.obolibrary.org/obo/HP_0011448; http://purl.obolibrary.org/obo/HP_0006460; http://purl.obolibrary.org/obo/HP_6001317; http://purl.obolibrary.org/obo/HP_0010505; http://purl.obolibrary.org/obo/HP_6001350,Ankle clonus; Increased laxity of ankles; Posititve talar tilt test; Limitation of movement at ankles; Positive heel squeeze test,1,5
http://purl.obolibrary.org/obo/HP_6001343,Peroneal tendon tear,http://purl.obolibrary.org/obo/HP_0034673,Abnormal ankle morphology,http://purl.obolibrary.org/obo/HP_0041153; http://purl.obolibrary.org/obo/HP_6001275; http://purl.obolibrary.org/obo/HP_0001785; http://purl.obolibrary.org/obo/HP_0003029; http://purl.obolibrary.org/obo/HP_6001331; http://purl.obolibrary.org/obo/HP_0034677; http://purl.obolibrary.org/obo/HP_0004684; http://purl.obolibrary.org/obo/HP_6001332; http://purl.obolibrary.org/obo/HP_0032063; http://purl.obolibrary.org/obo/HP_0006414; http://purl.obolibrary.org/obo/HP_0025802,Fractured ankle; Tibialis anterior tendon rupture; Ankle swelling; Enlargement of the ankles; Tibiotalar arthritis; Ankle contracture; Talipes valgus; Anterior ankle osteophyte; Ankle joint effusion; Distal tibial bowing; Talipes varus,1,11
http://purl.obolibrary.org/obo/HP_6001344,Fifth metatarsal apophysitis,http://purl.obolibrary.org/obo/HP_0008089,Abnormality of the fifth metatarsal bone,http://purl.obolibrary.org/obo/HP_0041223; http://purl.obolibrary.org/obo/HP_6001298; http://purl.obolibrary.org/obo/HP_0040033; http://purl.obolibrary.org/obo/HP_0004704,Fractured metatarsal bone of digit 5; Bunionette deformity; Aplasia/Hypoplasia of the fifth metatarsal bone; Short fifth metatarsal,1,4
http://purl.obolibrary.org/obo/HP_6001345,Tibial tubercle apophysitis,http://purl.obolibrary.org/obo/HP_0002992,Abnormal tibia morphology,http://purl.obolibrary.org/obo/HP_0041143; http://purl.obolibrary.org/obo/HP_0100694; http://purl.obolibrary.org/obo/HP_0005929; http://purl.obolibrary.org/obo/HP_0031173; http://purl.obolibrary.org/obo/HP_0100535; http://purl.obolibrary.org/obo/HP_0006491; http://purl.obolibrary.org/obo/HP_0031260; http://purl.obolibrary.org/obo/HP_0009736; http://purl.obolibrary.org/obo/HP_0002982; http://purl.obolibrary.org/obo/HP_0005772; http://purl.obolibrary.org/obo/HP_0010504; http://purl.obolibrary.org/obo/HP_0010890; http://purl.obolibrary.org/obo/HP_0003832; http://purl.obolibrary.org/obo/HP_6000809; http://purl.obolibrary.org/obo/HP_0006508,Fractured tibia; Tibial torsion; Synostosis involving the tibia; Tibial spur; Tibiofibular diastasis; Abnormal tibial metaphysis morphology; Triangular tibia; Tibial pseudarthrosis; Tibial bowing; Aplasia/Hypoplasia of the tibia; Increased length of the tibia; Morbus Osgood-Schlatter; Abnormality of the tibial plateaux; Thickened tibial cortex; Abnormality of tibial epiphyses,1,15
http://purl.obolibrary.org/obo/HP_6001346,Enteric anendocrinosis,http://purl.obolibrary.org/obo/HP_0002242,Abnormal intestine morphology,http://purl.obolibrary.org/obo/HP_0011956; http://purl.obolibrary.org/obo/HP_0005214; http://purl.obolibrary.org/obo/HP_0005222; http://purl.obolibrary.org/obo/HP_0031368; http://purl.obolibrary.org/obo/HP_0025028; http://purl.obolibrary.org/obo/HP_0004389; http://purl.obolibrary.org/obo/HP_0030935; http://purl.obolibrary.org/obo/HP_0005220; http://purl.obolibrary.org/obo/HP_0002244; http://purl.obolibrary.org/obo/HP_0002576; http://purl.obolibrary.org/obo/HP_0002584; http://purl.obolibrary.org/obo/HP_0005245; http://purl.obolibrary.org/obo/HP_0100668; http://purl.obolibrary.org/obo/HP_0100819; http://purl.obolibrary.org/obo/HP_0002580; http://purl.obolibrary.org/obo/HP_0011100; http://purl.obolibrary.org/obo/HP_6000377; http://purl.obolibrary.org/obo/HP_0002566; http://purl.obolibrary.org/obo/HP_0005266; http://purl.obolibrary.org/obo/HP_0002250; http://purl.obolibrary.org/obo/HP_0005225; http://purl.obolibrary.org/obo/HP_0002593,Intestinal lymphoid nodular hyperplasia; Intestinal obstruction; Bowel diverticulosis; Intestinal perforation; Abnormal enteric nervous system morphology; Intestinal pseudo-obstruction; Abnormal intestinal smooth muscle morphology; Multiple intestinal neurofibromatosis; Abnormal small intestine morphology; Intussusception; Intestinal bleeding; Intestinal hypoplasia; Intestinal duplication; Intestinal fistula; Volvulus; Intestinal atresia; Intramural intestinal gas; Intestinal malrotation; Intestinal polyp; Abnormal large intestine morphology; Intestinal edema; Intestinal lymphangiectasia,1,22
http://purl.obolibrary.org/obo/HP_6001347,Metatarsal head osteochondrosis,http://purl.obolibrary.org/obo/HP_0001832,Abnormal metatarsal morphology,http://purl.obolibrary.org/obo/HP_0001840; http://purl.obolibrary.org/obo/HP_0008125; http://purl.obolibrary.org/obo/HP_0008074; http://purl.obolibrary.org/obo/HP_0041162; http://purl.obolibrary.org/obo/HP_6001333; http://purl.obolibrary.org/obo/HP_0040034; http://purl.obolibrary.org/obo/HP_0010054; http://purl.obolibrary.org/obo/HP_0010567; http://purl.obolibrary.org/obo/HP_0005194; http://purl.obolibrary.org/obo/HP_0008078; http://purl.obolibrary.org/obo/HP_0040035; http://purl.obolibrary.org/obo/HP_0001449; http://purl.obolibrary.org/obo/HP_0008371; http://purl.obolibrary.org/obo/HP_0001783; http://purl.obolibrary.org/obo/HP_0008102; http://purl.obolibrary.org/obo/HP_0010672; http://purl.obolibrary.org/obo/HP_0010630; http://purl.obolibrary.org/obo/HP_0001964; http://purl.obolibrary.org/obo/HP_0041215; http://purl.obolibrary.org/obo/HP_0001440; http://purl.obolibrary.org/obo/HP_0008133; http://purl.obolibrary.org/obo/HP_0008114; http://purl.obolibrary.org/obo/HP_0010508; http://purl.obolibrary.org/obo/HP_0001473; http://purl.obolibrary.org/obo/HP_0004699; http://purl.obolibrary.org/obo/HP_0008089,Metatarsus adductus; Second metatarsal posteriorly placed; Metatarsal periosteal thickening; Metatarsal fracture; Midfoot arthritis; Abnormality of the second metatarsal bone; Abnormality of the first metatarsal bone; Y-shaped metatarsals; Flattened metatarsal heads; Thin metatarsal cortices; Abnormality of the fourth metatarsal bone; Duplication of metatarsal bones; Abnormal metatarsal ossification; Broad metatarsal; Expanded metatarsals with widened medullary cavities; Abnormality of the third metatarsal bone; Abnormal metatarsal epiphysis morphology; Aplasia/Hypoplasia of metatarsal bones; Fractured fused metatarsal bones 2-4; Metatarsal synostosis; Distal tapering of metatarsals; Metatarsal diaphyseal endosteal sclerosis; Metatarsus valgus; Metatarsal osteolysis; Osteoporotic metatarsal; Abnormality of the fifth metatarsal bone,1,26
http://purl.obolibrary.org/obo/HP_6001348,Hallux sesamoiditis,http://purl.obolibrary.org/obo/HP_0001844,Abnormal hallux morphology,http://purl.obolibrary.org/obo/HP_0001847; http://purl.obolibrary.org/obo/HP_0025004; http://purl.obolibrary.org/obo/HP_0002601; http://purl.obolibrary.org/obo/HP_0010051; http://purl.obolibrary.org/obo/HP_0001841; http://purl.obolibrary.org/obo/HP_0010057; http://purl.obolibrary.org/obo/HP_0010056; http://purl.obolibrary.org/obo/HP_0008362; http://purl.obolibrary.org/obo/HP_0010055; http://purl.obolibrary.org/obo/HP_0010212,Long hallux; Hallux rigidus; Paresis of extensor muscles of the big toe; Deviation of the hallux; Preaxial foot polydactyly; Abnormal hallux phalanx morphology; Abnormality of the epiphyses of the hallux; Aplasia/Hypoplasia of the hallux; Broad hallux; Flexion contracture of the hallux,1,10
http://purl.obolibrary.org/obo/HP_6001349,Os trigonum,http://purl.obolibrary.org/obo/HP_0008365,Abnormal talus morphology,http://purl.obolibrary.org/obo/HP_0008117; http://purl.obolibrary.org/obo/HP_0033977; http://purl.obolibrary.org/obo/HP_0041164; http://purl.obolibrary.org/obo/HP_0008095; http://purl.obolibrary.org/obo/HP_6001296; http://purl.obolibrary.org/obo/HP_0001775; http://purl.obolibrary.org/obo/HP_0001838; http://purl.obolibrary.org/obo/HP_0011836,Shortening of the talar neck; Talar aplasia; Fractured talus; Osteolysis of talus; Osteochondral lesion of talus; Tarsal osteovalgus; Rocker bottom foot; Delayed talus ossification,1,8
http://purl.obolibrary.org/obo/HP_6001350,Positive heel squeeze test,http://purl.obolibrary.org/obo/HP_0034674,Abnormal ankle physiology,http://purl.obolibrary.org/obo/HP_0011448; http://purl.obolibrary.org/obo/HP_0006460; http://purl.obolibrary.org/obo/HP_6001342; http://purl.obolibrary.org/obo/HP_6001317; http://purl.obolibrary.org/obo/HP_0010505,Ankle clonus; Increased laxity of ankles; Positive anterior drawer test; Posititve talar tilt test; Limitation of movement at ankles,1,5
http://purl.obolibrary.org/obo/HP_6001351,Calcaneal apophysitis,http://purl.obolibrary.org/obo/HP_0008364,Abnormality of the calcaneus,http://purl.obolibrary.org/obo/HP_0008142; http://purl.obolibrary.org/obo/HP_0012428; http://purl.obolibrary.org/obo/HP_0001848; http://purl.obolibrary.org/obo/HP_0008138; http://purl.obolibrary.org/obo/HP_0041061; http://purl.obolibrary.org/obo/HP_0012789; http://purl.obolibrary.org/obo/HP_0008127,Delayed calcaneal ossification; Prominent calcaneus; Calcaneovalgus deformity; Equinus calcaneus; Fractured calcaneus; Hypoplasia of the calcaneus; Bipartite calcaneus,1,7
http://purl.obolibrary.org/obo/HP_6001352,Decreased circulating guanidinoacetic acid concentration,http://purl.obolibrary.org/obo/HP_0033108,Abnormal circulating proteinogenic amino acid derivative concentration,http://purl.obolibrary.org/obo/HP_0034321; http://purl.obolibrary.org/obo/HP_6000267; http://purl.obolibrary.org/obo/HP_0010915; http://purl.obolibrary.org/obo/HP_6000703; http://purl.obolibrary.org/obo/HP_0032273; http://purl.obolibrary.org/obo/HP_0033155; http://purl.obolibrary.org/obo/HP_0033157; http://purl.obolibrary.org/obo/HP_0033175; http://purl.obolibrary.org/obo/HP_0003286,Elevated circulating guanidinoacetic acid concentration; Elevated circulating methionine sulfoxide concentration; Abnormal circulating pyruvate family amino acid concentration; Elevated circulating 3-hydroxyanthranilic acid concentration; Increased circulating N-acetylaspartic acid concentration; Elevated circulating L-alloisoleucine concentration; Elevated circulating 3-methylhistidine concentration; Elevated circulating 5-oxoproline concentration; Cystathioninemia,1,9
http://purl.obolibrary.org/obo/HP_6001353,Elevated circulating C-triol concentration,http://purl.obolibrary.org/obo/HP_0003119,Abnormal circulating lipid concentration,http://purl.obolibrary.org/obo/HP_0003107; http://purl.obolibrary.org/obo/HP_0040176; http://purl.obolibrary.org/obo/HP_0045014; http://purl.obolibrary.org/obo/HP_6000753; http://purl.obolibrary.org/obo/HP_0033083; http://purl.obolibrary.org/obo/HP_0004359; http://purl.obolibrary.org/obo/HP_0033341; http://purl.obolibrary.org/obo/HP_0032657; http://purl.obolibrary.org/obo/HP_6000754; http://purl.obolibrary.org/obo/HP_0008158; http://purl.obolibrary.org/obo/HP_0003077; http://purl.obolibrary.org/obo/HP_6001113,Abnormal circulating cholesterol concentration; Abnormal circulating phospholipid concentration; Hypolipidemia; Elevated circulating monomethyl sterol concentration; Increased circulating farnesol concentration; Abnormal circulating fatty-acid concentration; Elevated circulating sitosterol concentration; Elevated circulating lyso-globotriaosylsphingosine concentration; Elevated circulating dimethyl sterol concentration; Hyperapobetalipoproteinemia; Hyperlipidemia; Elevated circulating methysterol concentration,1,12
http://purl.obolibrary.org/obo/HP_6001354,Germinal vesicle oocyte maturation arrest,http://purl.obolibrary.org/obo/HP_0034914,Oocyte maturation arrest,http://purl.obolibrary.org/obo/HP_6001356; http://purl.obolibrary.org/obo/HP_0031516; http://purl.obolibrary.org/obo/HP_6001355,Mixed oocyte maturation arrest; Metaphase I oocyte maturation arrest; Metaphase II oocyte maturation arrest,1,3
http://purl.obolibrary.org/obo/HP_6001355,Metaphase II oocyte maturation arrest,http://purl.obolibrary.org/obo/HP_0034914,Oocyte maturation arrest,http://purl.obolibrary.org/obo/HP_6001356; http://purl.obolibrary.org/obo/HP_0031516; http://purl.obolibrary.org/obo/HP_6001354,Mixed oocyte maturation arrest; Metaphase I oocyte maturation arrest; Germinal vesicle oocyte maturation arrest,1,3
http://purl.obolibrary.org/obo/HP_6001356,Mixed oocyte maturation arrest,http://purl.obolibrary.org/obo/HP_0034914,Oocyte maturation arrest,http://purl.obolibrary.org/obo/HP_0031516; http://purl.obolibrary.org/obo/HP_6001354; http://purl.obolibrary.org/obo/HP_6001355,Metaphase I oocyte maturation arrest; Germinal vesicle oocyte maturation arrest; Metaphase II oocyte maturation arrest,1,3
http://purl.obolibrary.org/obo/HP_6001357,Dorsal forearm pain,http://purl.obolibrary.org/obo/HP_6000299,Forearm pain,http://purl.obolibrary.org/obo/HP_6001358,Volar forearm pain,1,1
http://purl.obolibrary.org/obo/HP_6001358,Volar forearm pain,http://purl.obolibrary.org/obo/HP_6000299,Forearm pain,http://purl.obolibrary.org/obo/HP_6001357,Dorsal forearm pain,1,1
http://purl.obolibrary.org/obo/HP_6001359,Subcutaneous abscess,http://purl.obolibrary.org/obo/HP_0011123,Inflammatory abnormality of the skin,http://purl.obolibrary.org/obo/HP_0007473; http://purl.obolibrary.org/obo/HP_0003765; http://purl.obolibrary.org/obo/HP_0200039; http://purl.obolibrary.org/obo/HP_0001019; http://purl.obolibrary.org/obo/HP_0012322; http://purl.obolibrary.org/obo/HP_0031191; http://purl.obolibrary.org/obo/HP_0009710; http://purl.obolibrary.org/obo/HP_6001119; http://purl.obolibrary.org/obo/HP_0001055; http://purl.obolibrary.org/obo/HP_0031190; http://purl.obolibrary.org/obo/HP_0031292; http://purl.obolibrary.org/obo/HP_0031234; http://purl.obolibrary.org/obo/HP_0000964; http://purl.obolibrary.org/obo/HP_0000988; http://purl.obolibrary.org/obo/HP_0033696; http://purl.obolibrary.org/obo/HP_0012219; http://purl.obolibrary.org/obo/HP_0001581; http://purl.obolibrary.org/obo/HP_0032022; http://purl.obolibrary.org/obo/HP_0001061; http://purl.obolibrary.org/obo/HP_0025084,Crusting erythematous dermatitis; Psoriasiform dermatitis; Pustule; Erythroderma; Perifolliculitis; Deep dermal perivascular inflammatory infiltrate; Chilblains; Purulent drainage from skin; Erysipelas; Superficial dermal perivascular inflammatory infiltrate; Cutaneous abscess; Neutrophilic infiltration of the skin; Eczematoid dermatitis; Skin rash; Pseudo-chilblain; Erythema nodosum; Recurrent skin infections; Eosinophilic dermal infiltration; Acne; Folliculitis,1,20
